{
  "FP3O_Safety_True": [
    -46.78052773401551,
    -48.911880097740415,
    -46.78052773401551
  ],
  "IPPO_Safety_False": [
    -95.91515318969974,
    -111.79213440703101,
    -111.79213440703101,
    -111.79213440703101,
    -111.79213440703101,
    -111.79213440703101,
    -111.79213440703101,
    -111.79213440703101,
    -111.79213440703101,
    -111.79213440703101
  ]
}